titles,category
강서구청장 보선 투표율          작년 지방선거 대비       ,Politics
복지위 첫날   오염수  공방    질병청이 보고서 숨겨 ,Politics
 나라 안팎으로 무서워  투표소 찾은 강서구민들 바람은 르포 ,Politics
  대통령  신원식 유인촌 장관 임명장 수여 김행  임명  장고,Politics
 자막뉴스   기괴한 개조    전문가들도 놀란   핵잠수함 보니,Politics
정청래     정상외교에    억 본인 돈이면 이렇게 쓰겠나 ,Politics
천하람  윤핵관 서울 올라와야 제일 좋은 분은 장제원 ,Politics
 단독      일 밤 탈북민    여명 북송   군사작전 하듯  곳서 동시에,Politics
천하람  홍준표  마음에 안 들면 다 배신자  박근혜를 향단이라 해놓고 ,Politics
장경태  소셜뉴스 최대 주주는 김행 후보자 딸 ,Politics
환경부 장관    오염수 우리 영향 미미  자신 있냐  질문에  네 ,Politics
양평고속도로 노선 변경시  환경성 정책성  하락  원희룡 장관 답변은,Politics
한동훈  인사검증 문제에  성공한 사람들 대개 비슷한 문제 나오게 돼 있다 ,Politics
홍준표 저격한 하태경   당사아생  길 선택한 사람 누구였나 ,Politics
      억 원  합참 이전   감감무소식 인 이유는,Politics
 자막뉴스  한국    억 날릴 판   러시아 전쟁  불똥 ,Politics
 논란 키워 말아   선관위 해킹 가능  발표에  주판알  튕기는  ,Politics
 질병청  원전수 보고서 숨기곤 말도 안 되는 소리만 늘어놔  질타,Politics
 뉴스초점  강서구청장 보궐선거 국회선 이틀째 국정감사,Politics
김영호       군사합의  정찰자산 운용 과도하게 막아 ,Politics
여  박범계 출장비 축소 의혹  제기 박  축소 이유 없어  국감초점 ,Politics
 민병덕  대출 부당 가산금리  왜 기존 대출에선 안 빼나 ,Politics
 뉴스앤이슈  강서구청장 재보궐 선거         국민의힘 민주당 누가 웃을까 ,Politics
 년형 선고  서대문형무소에 수감,Politics
민주  모순된 정책 때문 가계부채 실패  사과해야  김주현  모순 아냐 ,Politics
송영길     번 넘는 압수수색 더는 당하지 않겠다  규탄 농성 선전포고,Politics
복지위 국감 여  문케어로 건보재정 악화     야  의대 정원 늘려야 ,Politics
교육위 국정감사에서  김건희 논문  증인 불참 논란 야  동행 명령장 발부해야 ,Politics
신원식  대화력전 전면 재검토  단시간 내 적 장사정포 궤멸시켜야 ,Politics
     개표조작 불가  선관위 헛말  민주당 대역 음모냐 선거제 바꿔야 할수도 ,Politics
한국인 여행객    명 귀국  현지 공항에 사람 몰려 ,Politics
국민의힘 시의원에  친일파 놈들아  책임져라  비판  주먹 휘두룬 시민,Politics
군 가혹행위    명 입건됐는데 실형은  명   명 중  명은 해군,Politics
박민식  정율성 기념사업 즉각 중단 안하면 시정명령 발동  종합 ,Politics
국회 교육위   김건희 논문 표절  증인 불출석에 감사 일시 중단,Politics
 자객 공천론  하태경   마포을 정청래 잡으란 얘기 많아 ,Politics
 미니총선  두 자릿수 득표차땐  여야 당 대표 둘 중 하나는  치명상 ,Politics
국힘  민주당 정권  선관위 해킹  방치 발본색원해야 ,Politics
이스라엘서 돌아온 여행객들  무사귀국 다행  교민들은 무서워서 집 밖 못 나와 ,Politics
민주당  법무부  인사정보관리단 검증 부실  한동훈  판단은 대통령실 ,Politics
미래에셋 대신증권 빌딩 매각  동상이몽  현금 확보 종투사 진출 속도,Economic
경기 남부와 북부 아파트값  격차  벌어진다,Economic
  억원  국민 평수 도 없어서 못 들어가 알짜 교통중심지 어디길래,Economic
치솟는 기름값  경기 회복 걸림돌      대외 불확실성 여전히 커 ,Economic
서울대병원 노조 무기한 파업 시작  응급실 중환자실 인력은 제외,Economic
광명 부동산 상승세  철산자이 브리에르  분위기 이어가나,Economic
      앞세운 테슬라 벤츠 제치고  수입 전기차  위,Economic
 상사 투자한 버핏  일본에 더   금융주 들어올 가능성 ,Economic
금융위원장  불법 공매도 방지 전산시스템 구축  기술적으로도 쉽지 않아 ,Economic
루닛 폴라리스오피스  성장세 이어진다  뜨거운   현장,Economic
내부정보 이용 수십억 챙기고 갑질까지 사모   위법행위  덜미 ,Economic
 건설중장비의 제네시스 꿈꾼다  브랜드 독립시키고  홈쇼핑서 팔고,Economic
경매 낙찰률 떨어져도 인기 아파트엔 돈 몰린다,Economic
고조되는 이 팔 전쟁 우려  코인은 정말 위기에 강한가   엠블록레터 ,Economic
시중은행 대출금리 줄인상 가계대출에 제동 건다,Economic
 포스코 에코프로   차전지주 동반 급등 코스닥    ,Economic
  대 금리에 이자부담 막막  은행권 개인사업자 대출    조,Economic
   년된 우리 아파트도  등급인데    이미연의 발로 뛰는 부동산 ,Economic
조단위 영업익 회복한 삼성전자     반등 속도낸다,Economic
 어바웃   박현철 부국증권 대표  진격의  년     외길  강소 증권사 굳히기,Economic
금융위원장  은행   년만기 주담대  금융상품 상식에 맞지 않아  종합 ,Economic
현산  월계동신 공사비         만원 제시 조합  더 낮춰야 ,Economic
      국감  금융위  은행 중도상환수수료 체계  살펴보겠다 ,Economic
치솟는 금리에 예금도  짧고 굵게    개월 미만 단기 정기예금 선호,Economic
 세인트존스 양양 더 스위트  펜트하우스 별장형 호텔로 눈길,Economic
코스피  삼성전자  깜짝 실적   국채 진정에    급등 투자    ,Economic
 역시 드라마는 반전드라마  물린   엔솔 주주들  탈출 기회 잡을까  투자    ,Economic
  엔솔 배터리 판매량         위  기업 추격  속도 ,Economic
 이 팔 전쟁  암초 만난 경상수지  회복 흐름 이어갈까,Economic
 어르신 배당금 드려요  노후자금 노리는 유사수신 사기  주의 ,Economic
급증하는 가계대출 제동 걸리나  시중은행  대출금리 인상 시작,Economic
아직 한 달 남았는데  블프  경쟁 치열하네,Economic
정무위 국감장에 공매도 논란  김주현  기관 투자자 유리하지 않아 ,Economic
  월 코스닥 상장 유진테크놀로지  금형 기술로 전기차 시장 동반 성장할 것  투자    ,Economic
경총  월급 웃도는 실업급여 취업 의지 꺾는다 ,Economic
최태원  승계 계획 준비 화웨이폰에    칩 탑재  미스터리  ,Economic
 오염수 희석 방류  국제적인 방식   국감 달군  후쿠시마 논란 ,Economic
  현대   호위함 입찰 무효 가처분 기각에  방위산업에 부정적 영향 ,Economic
이오플로우   법원 판매금지 가처분   적극적 대응 전략 수립 중 ,Economic
강민국  소상공인 평균 대출금리 매년 증가 토스뱅크        금리 인하 필요 ,Economic
